date,Imports,Food,Beverages and tobacco,Crude materials,Mineral fuel and lubricant,Animal and vegetable oils and fats,Chemicals,Manufactured goods,Machinery,Miscellaneous manufactured goods,Miscellaneous transactions and commodities,Gold
1995-01-31,127785.87,4633.16,684.42,6937.87,8366.12,136.19,13293.54,24915.07,58773.25,7079.16,1811.48,1155.6
1995-02-28,126632.4,3723.75,780.33,6964.68,8386.25,148.87,12552.44,24613.73,60043.01,7255.01,1177.62,986.73
1995-03-31,157329.48,4822.65,924.63,7720.63,12051.75,124.96,15863.66,28509.54,75707.24,9087.57,1444.56,1072.29
1995-04-30,127089.42,3275.7,586.08,6530.93,10789.17,125.16,15077.88,24641.79,57482.53,6789.25,1091.26,699.67
1995-05-31,155144.15,4403.76,390.66,8419.12,10242.29,188.2,17617.48,31661.41,71261.69,8638.07,1455.61,865.85
1995-06-30,151487.65,4294.24,337.55,7339.37,12530.92,171.13,17159.05,28897.06,69130.88,9334.02,1536.83,756.59
1995-07-31,151950.65,5208.6,329.79,7209.55,8373.71,128.9,17046.8,30291.49,72206.59,8811.42,1437.05,906.75
1995-08-31,157913.31,5103.86,424.97,7981.14,8585.02,168.23,17831.91,29869.83,75822.86,9053.8,1815.67,1256.02
1995-09-30,137973.68,4332.42,353.29,5930.75,9725.12,152.21,14814.23,26893.04,64449.63,7951.4,2353.72,1017.86
1995-10-31,153564.82,4811.34,484.64,7572.2,9059.55,266.25,15062.22,31005.68,73441.55,8701.32,2016.47,1143.58
1995-11-30,163588.17,6035.19,613.54,7272.05,8220.7,214.23,15034.45,32302.62,81344.9,9059.52,2447.71,1043.27
1995-12-31,153131.69,5354.03,624.08,6733.58,12638.34,410.95,13120.57,27091.03,75320.9,8226.87,2741.69,869.65
1996-01-31,159312.17,4699.26,715.87,7524.58,11514.41,136.34,15342.36,29211.34,77654.37,8825.84,2647.58,1040.23
1996-02-29,145548.86,4371.88,754.7,7551.94,9724.6,215.02,14526.52,26774.93,69313.1,8635.3,2849.53,831.35
1996-03-31,163127.77,5966.5,935.08,7920.76,15810.66,428.14,15450.05,30274.48,72857.71,8618.59,3843.42,1022.38
1996-04-30,160455.74,6960.45,746.46,7684.41,12355.58,199.25,16455.14,28113.14,74567.29,9737.74,2718.97,917.3
1996-05-31,163639.34,4760.61,456.65,7864.22,12168.69,165.53,16166.74,28425.49,81735.43,8378.46,2492.28,1025.24
1996-06-30,146105.94,4713.18,422.1,6239.85,12611.04,107.03,15121.23,27144.79,68169.74,8190.69,2621.6,764.68
1996-07-31,154103.03,5260.87,339.1,7247.43,12080.81,207.41,15560.94,26259.72,74535.06,9252.71,2325.88,1033.09
1996-08-31,157900.5,4546.7,466.3,6238.44,16333.22,141.11,16290.67,26959.65,74416.31,8970.68,2516.44,1020.98
1996-09-30,141283.81,4528.66,379.31,5967.6,12348.16,189.1,13371.1,24646.77,66368.87,9330.24,2945.85,1208.15
1996-10-31,152521.45,5835.75,497.58,6046.92,14698.18,131.41,13663.44,25321.14,72473.11,9774.89,2641.14,1437.87
1996-11-30,148509.37,5693.86,678.98,6303.42,17162.03,184.27,13236.61,25047.56,66957.44,9621.71,2525.51,1098
1996-12-31,140317.2,5630.4,690.51,5979.1,13427.78,91.59,11779.69,22261.31,66209.19,8302.64,5054.45,890.54
1997-01-31,158144.85,5450.9,803.98,7516.03,14205.29,166,15714.47,28021.7,73422.84,9351.96,2211.54,1280.14
1997-02-28,140647.46,4082.96,1000.06,5628.12,12300.01,155.91,13398.35,23224.09,68725.93,8432.66,2332.62,1366.76
1997-03-31,153383.55,5514.11,572.59,6612.54,13864.09,198.91,14878.61,25760.38,71810.02,9133.11,3826.13,1213.05
1997-04-30,150141.82,3859.14,906.92,6963.75,12054.78,127.27,16166.86,26374.37,70403.57,9232.14,2931.45,1121.56
1997-05-31,143575.78,5230.81,358.75,7325.98,13592.16,185.15,15005.17,26292.74,63716.93,8521.56,2086.12,1260.42
1997-06-30,151914.68,6379.19,575.44,7274.42,14011.99,147.98,13467.55,25321.47,72747.04,8660.13,2589,740.46
1997-07-31,163420.07,7697.45,342.71,7684.55,11412.01,152.99,16759.93,28632.82,77635.47,9816.12,2492.54,793.47
1997-08-31,161577.6,6348.71,484.27,6128.66,16304.48,539.93,16696.48,29044.91,72589.44,10089.35,2627.17,724.2
1997-09-30,175665.49,8339.71,298.09,6131.27,17993.37,187.57,18457.99,29595.98,78154.25,11797.7,3845.96,863.6
1997-10-31,174701.82,6733.33,399.53,6983.29,15623.68,184.49,16980.1,29558.35,84387.12,10232.44,2784.32,835.18
1997-11-30,158242.27,7818.21,375.38,6302.07,15896.66,178.34,16895.01,25547.18,72303.02,9731.6,2410.44,784.35
1997-12-31,192867.65,7924.28,320.51,7885.73,20829.7,206.27,17183.76,27897.11,96630.46,11174.78,2148.26,666.8
1998-01-31,173693.74,7767.77,336.96,6328.25,10024.07,158.05,18754.29,30328.73,85183.82,11151.79,2803.78,856.23
1998-02-28,169036.92,8071.52,1436.46,6031,14732.1,135.87,18504.51,26245.86,78360.92,10963.36,3386.97,1168.33
1998-03-31,173212.18,7470.79,389.17,5931.42,10954.12,145.39,18551.36,28554.31,84828.16,12414.07,2964.83,1008.57
1998-04-30,143965.06,6694.83,1129.18,6570.93,14308.06,171.1,17584.53,24858.96,61530.13,8389.11,1940.68,787.56
1998-05-31,131719.01,5640.87,150.1,6233.3,8350.1,91.55,16026.14,24678.91,57681.71,8586.28,3450.38,829.66
1998-06-30,153724.1,7026.61,236.46,7688.81,13894.21,169.67,18994.6,30187.18,62742.96,9595.49,2390.75,797.34
1998-07-31,153600.66,7486.27,200.99,6877.64,13369.65,200.92,18198.33,29331.18,65601.32,9475.92,1941.25,917.17
1998-08-31,140006.32,7930.03,398.38,6211.7,12610.25,209.82,16204.17,27406.24,57619.34,8774.57,1771.32,870.5
1998-09-30,139133.81,6898.9,332.55,6417.51,11230.95,126.88,16464.73,26262.74,58022.76,9279.87,3141.27,955.63
1998-10-31,141465.06,5901.98,466.3,5617.9,12401.89,161.25,14709.04,25773.1,63519.62,9294.4,2554.63,1064.94
1998-11-30,125847.08,5608,319.11,4975.47,9154.76,185.5,14126.24,25805.68,54531.85,8264.06,1900.91,975.5
1998-12-31,128662.25,6185.96,764.46,6171.97,10829.19,330.05,13374.17,23808.65,56195.69,7638.44,2751.89,611.79
1999-01-31,127567.85,4954.3,665.47,6033.64,8291.72,124.54,14310.52,26300.97,57302.82,6659.11,2019.59,905.18
1999-02-28,134980.27,5423.77,614.71,4635.66,8689.47,103.69,13035.56,24512.13,67487.64,7667.52,1867.6,942.52
1999-03-31,160456.54,6635.57,843.91,6243.64,9711.5,200.22,16562.61,28157.25,77869.34,9649.99,3450.68,1131.83
1999-04-30,141309.45,5955.83,646.62,6370.22,13959.75,137.88,16814.08,28735.08,57775.35,8546.14,1557.92,810.59
1999-05-31,130876.54,4895.48,707.94,5666.41,14432.14,135.12,16078.43,26646.65,50537.46,8176.07,2555.78,1045.06
1999-06-30,171729.09,7555.19,744.98,6732.19,14652.91,206.63,19697.12,35005.54,74023.33,9554.81,2611.78,944.62
1999-07-31,147645.51,5496.8,400.47,6599.58,14245.17,194.36,18384.57,29493.96,60403.3,9025.61,2417.09,984.61
1999-08-31,157483.12,7188.07,664.37,6397.62,13376.13,203.83,20090.24,32022.63,63761.64,10562.28,2123.44,1092.87
1999-09-30,172352.8,6790.16,473.13,7537.6,22493.78,143.2,18160.33,31729.23,70549.54,9582.53,3766.79,1126.51
1999-10-31,181690.93,6862.09,500.62,6663.54,21688.55,235.78,19752,34937.73,77598.42,9691.85,2429.43,1330.92
1999-11-30,191826.65,8012.93,482.52,7438.73,20847.41,134.95,22119.28,37672.57,79635.51,11687.07,2521,1274.68
1999-12-31,189471.86,6903.34,657.36,7437.25,20743.18,231.27,20750.93,33779.35,83904.21,10823.95,2442.63,1798.4
2000-01-31,159003.15,4614.23,628.76,7033.95,14271.51,118.4,18497.15,30943.59,72787.3,8325.1,619.29,1163.88
2000-02-29,187023.14,6979.36,829.32,6641.35,25758.1,181.36,19920.02,33279.65,81342.22,9651.38,1079.83,1360.56
2000-03-31,180041.38,5810.17,904.17,9130.66,19395.94,132.23,21718.99,31917.88,78346,10141.87,1421.32,1122.15
2000-04-30,180654.76,6424.53,782.3,9136.32,17218.64,98.26,21684.89,34575.42,78572.85,9741.23,1686.24,734.1
2000-05-31,178877.91,6448.71,561.93,7666.06,14006.24,77.44,23741.01,32757.14,80710.52,10677.73,1152.58,1078.55
2000-06-30,214871.75,6721.33,630.23,10002.94,33330.31,168.88,25276.29,36831.89,88040.59,11510.48,1319.43,1039.38
2000-07-31,206478.78,6045.99,708.68,9126.23,25936.76,286.05,25877.21,32878.41,91720.91,12081.58,629.44,1187.52
2000-08-31,235187.85,8670.12,733.17,8588.73,35322.51,150.85,24948.81,37876.51,102670.18,13735.86,1157.44,1333.67
2000-09-30,220296.06,8260.97,629.35,8089.57,26843.63,183.39,23047,35705.39,97794.93,13326.42,2236.66,4178.73
2000-10-31,253523.13,8098.23,684.99,8523.63,33148.82,146.95,25018.01,38444.61,119990.11,13392.22,1620.77,4454.79
2000-11-30,248661.34,8290.52,976.4,8749.81,32959.81,235.45,23482.24,38870.09,116526.36,13759.75,1038.78,3772.14
2000-12-31,229521.85,7565.95,1045.62,10440.05,25854.2,162.48,22174.32,35499.84,109981.82,13267.33,854.95,2675.3
2001-01-31,239985.4,6995.87,747.85,9189.57,27357.72,176.5,24035.22,37799.32,114009.93,13192.72,847.2,5633.51
2001-02-28,225252.51,6853.42,897.02,7404.23,22380.66,172.29,23010.5,34272.87,110944.27,11751.33,1846.57,5719.36
2001-03-31,245627.09,9097.56,1243.13,9803.61,34457.1,153.28,26218.25,37679.17,108082.44,13477.41,1836.62,3578.53
2001-04-30,219894.47,8530.64,1040.17,9222.55,24262.47,182.43,26017.19,35934.33,98632.54,12066.1,2241.04,1765.02
2001-05-31,242779.24,9943.63,509.84,10726.86,33652.01,209.74,27248.67,39767.78,106072.05,12690.08,1106.22,852.36
2001-06-30,221272.62,9314.5,724.97,9201.97,27398.67,304.68,24635.73,37666.13,96880.65,12204.52,1774.56,1166.24
2001-07-31,248486.39,10028.98,515.64,10952.31,28442.95,138.86,26822.4,41320.56,113443.11,12770.31,848.54,3202.74
2001-08-31,234595.08,10323.42,703.17,9657.07,26592.97,282.9,26635.84,38570.64,105247.49,12854.5,1215.77,2511.3
2001-09-30,227310.44,10154.14,944.71,9050.91,43055.32,150.88,23623.93,35769.72,86875.39,11856.07,2759.77,3069.61
2001-10-31,224272.78,10227.52,844.6,9297.29,22025.1,216.97,25163.88,38086.84,102176.79,13068.25,1410.25,1755.29
2001-11-30,227277.14,10552,701.31,8549.66,26483.26,163.24,23519.78,35859.43,104157.3,12561.14,1143.31,3586.71
2001-12-31,195592.89,8076.03,758.89,9548.76,15882.37,140.04,19597.13,30610.47,95268.48,11029.63,833.74,3847.35
2002-01-31,219683.1,8468.17,693.09,8966.86,25015.95,202.4,23524.54,34327.75,98949.91,12055.77,1436.58,6042.08
2002-02-28,192892.48,7396.81,794.92,6777.16,19868.53,187.63,22064.72,34420.97,87939.47,10363.41,1750.08,1328.77
2002-03-31,230569.52,8549.74,1088.18,9798.31,24574.86,179.38,25789.65,37823.29,103877.57,12614.37,2384.44,3889.72
2002-04-30,224784.87,9391.98,1304.08,8140.51,24218.28,159.55,25994.56,37145.73,100715.08,13475.55,2265.5,1974.07
2002-05-31,229335.62,8646.11,607.73,9616.84,28201.17,214.7,27581.41,39966.74,99122.45,12611.07,1221.22,1546.18
2002-06-30,228431.03,9056.85,388.32,9583.6,32286.68,222.45,25765.93,40349.89,94924.34,12644.67,1945.76,1262.54
2002-07-31,243907.11,8994,414.97,9696.18,27086.35,191.17,29017.44,39973.41,108910.96,13534.42,1140.23,4947.98
2002-08-31,244265.35,8691.56,598.56,9349.54,29473.45,206.01,27194.42,41522.39,108723.03,13562.07,1667.48,3276.84
2002-09-30,232511.75,9220.85,630.43,7810.02,27969.01,171.36,25886.52,39987.8,101884.96,13658.71,3729.28,1562.8
2002-10-31,251482.28,10633.09,851.8,10084.97,22286.09,335.78,27507.26,46343.79,113073.27,15673.29,2081.65,2611.29
2002-11-30,256385.73,10999.89,1162.15,10119.42,38476.04,199.91,26460.79,42168.49,107839.85,14056.49,1794.6,3108.08
2002-12-31,220591.35,10613.59,945.46,11006.75,21567.45,200.57,23692.12,39380.36,96979.43,13548.25,1059.72,1597.64
2003-01-31,255415.67,9400.53,856.41,10221.5,34204.47,245.72,28619.25,43491.95,111306.99,14817.05,1308.07,943.74
2003-02-28,231618.09,8076.77,588.79,9665.53,28722.78,279,26817.46,39723.04,98073.78,13275.4,5263.15,1132.39
2003-03-31,263417.29,8705.92,1002.62,10116.96,35672.97,258.48,31306.45,43586.42,107281.62,15300.95,5417.19,4767.71
2003-04-30,249215.85,9589.86,972.78,11416.85,22227.18,285.04,30368.7,45594.82,107391.08,15069.8,3116.84,3182.89
2003-05-31,256648.96,10326.18,613.79,12416.86,27869.22,369.72,31938.69,45803.81,110871.3,14285.11,1343.29,811
2003-06-30,245204.65,10094.79,628.65,11203.1,22435.93,164.04,29928.12,45244.83,106561.05,14624.66,2272.42,2047.07
2003-07-31,269891.56,9685.59,561.92,11152.62,28136.51,217.19,30854.79,50304.11,118297.48,14995.53,1570.26,4115.56
2003-08-31,263421.87,10320.3,510.96,9443.33,44576.52,330.58,28636.42,42312.96,106682.89,14367.88,4184,2056.04
2003-09-30,264409.72,10094.93,993.42,10155.27,28355.77,278.72,29529.55,46600.05,116443.58,16480.04,3830.95,1647.42
2003-10-31,282434.79,10339.02,897.63,9633.22,36721.83,397.47,28613.78,47583.79,123465.27,17405.35,1747.99,5629.46
2003-11-30,264089.45,11694.47,902.41,9843.95,28475.82,200.78,26878.4,44117.9,123144.35,15893.75,1207.57,1730.05
2003-12-31,293008.13,12265.32,1264.68,11870.72,36377.48,204.62,28165.12,48501.98,132622.15,17031.39,3554.62,1150.04
2004-01-31,275498.2,9833.51,998.2,11928.61,34390.92,219.98,31360.58,50502.22,116785.83,14697.49,1977.33,2803.51
2004-02-29,263820.44,9129.36,903.09,8418.48,32978.3,314.7,29517.68,47051.59,112636.75,14923.34,2973.85,4973.31
2004-03-31,322489.63,10515.03,1000.32,11601.7,40340.98,326.47,36354.5,61805.22,134444.55,17587.75,3486.82,5026.29
2004-04-30,297990.91,8835.23,1011.24,11831.43,35099.91,365.07,32849.74,58028.14,125551.05,16431.44,3115.53,4872.13
2004-05-31,311370.37,8994.45,843.9,13031.17,46576.2,230.28,33839.1,59591.34,122107.68,16766.25,3460.97,5929.03
2004-06-30,331687.87,12091.73,699.64,15638.59,49468.06,478.21,36198.08,59214.04,136051.11,17428.23,2516.24,1903.95
2004-07-31,327616.4,12190.56,809.87,15770.85,38698.76,604.28,36411.95,59884.39,136897.02,18147.15,6009.95,2191.61
2004-08-31,342273.34,12232.3,695.8,13640.22,61595.45,529.08,42584.56,58139.7,131168.22,17921.83,1933.24,1832.95
2004-09-30,333263.51,12545.44,772.99,9671.2,41382.16,660.73,38122.75,65752.41,140242.52,18866.14,2568.46,2678.71
2004-10-31,340211.59,13953.52,944.46,14741.97,44420.02,494.81,38569.27,62910.87,138210.82,18311.03,3960.22,3694.6
2004-11-30,353823.56,11731.81,1257.14,12268.73,47493.31,222.53,40644.32,68495.08,145566.68,18773,2387.28,4983.69
2004-12-31,301125.17,9944.96,1158.86,13177,59263.12,242.19,31002.03,59666.81,104616.74,14376.57,2519.16,5157.74
2005-01-31,360943.31,9898.36,638.86,12518.99,58850.5,385.26,36937.53,68547.95,136238.34,20451.08,4205.89,12270.53
2005-02-28,318003.69,9780.38,973.82,10469.87,39608.32,342.15,33140.33,65508.81,125872.1,18826.84,3933.96,9547.12
2005-03-31,410606.81,11714.12,1300.19,13844.74,69660.93,455.33,41805.68,77301.04,153869.73,22816.26,7745.22,10093.57
2005-04-30,376513.76,11213.03,1317.88,14092.61,52711.12,386.65,41463.17,77006.09,146492.5,21711.26,5864.11,4255.34
2005-05-31,427492.74,11691.05,783.73,17229.66,92833.8,478.65,42079.39,80164.18,154942.28,21020.78,1571.46,4697.76
2005-06-30,442147.82,14073.24,739.52,17262.26,95575.98,279.09,45461.96,79266.12,158945.38,23495.8,5267.12,1781.36
2005-07-31,395613.1,13425.95,999.81,13752.61,73645.41,222.89,43470.49,71612.18,149737.15,22531.95,2766.22,3448.44
2005-08-31,426955.43,14614.85,1133.8,14889.21,70125.09,446.63,44911.91,76923.93,164039.83,25599.74,5055.05,9215.39
2005-09-30,398826.79,13191.97,779.81,10920.45,77201.99,259.68,38981.69,69538.8,150442.92,24966.48,5236.46,7306.53
2005-10-31,401603.41,12152.29,748.9,10458.59,75365.19,211.33,38362.74,70995.52,155561.58,24969.15,5959.88,6818.23
2005-11-30,401154.25,16114.69,1468.22,11701.66,69847.14,306.39,39792.59,72779.21,153763.22,25942.7,4344.52,5093.92
2005-12-31,394776.22,14757.76,950.57,14313.97,67311.19,256.72,37557.16,69482.67,156262.91,24818.39,4716.64,4348.24
2006-01-31,385283.73,11049.76,927.13,9948.79,70420.79,364.93,38941.47,68505.4,154693.16,24323.18,3639.47,2469.65
2006-02-28,386683.48,11598.39,685.2,9840.44,74694.81,299.23,40323.83,67462.16,148928.96,22587.27,3124.89,7138.31
2006-03-31,425078.78,13357.82,1023.67,10688.45,76482.9,425.76,45207.07,81105.52,157005.66,27596.44,5712.68,6472.8
2006-04-30,380495.65,11006.29,1003.39,10434.32,82021.3,272.2,38348.94,63821.45,144048.12,22823.85,5107,1608.78
2006-05-31,435963.53,13498.89,902.2,11406.51,91201.99,282.17,45189.83,76693.2,155559.03,24743.31,3192.6,13293.8
2006-06-30,436926.16,14428.55,1356.58,14613.87,81192.25,296.37,47723.7,85934.23,152035.08,26818.9,6385.97,6140.65
2006-07-31,435477.25,13126.1,788.57,14100.81,93179.32,305.97,44299.7,80247.73,155124.74,26274.18,3333.66,4696.47
2006-08-31,440162.15,13356.22,761.89,14377.67,93905.2,440.93,45136.76,78824.09,156527.08,27922.58,3092,5817.73
2006-09-30,397299.14,12658.83,1019.6,10033.91,81440.41,218.37,39512.75,70562.48,143002.31,24817.21,6244.6,7788.66
2006-10-31,400569.55,14418.81,1357.72,12040.27,85615.32,257.82,39692.81,72799.7,137189.71,25526.67,2656.12,9014.61
2006-11-30,378954.49,13302.24,905.45,13221.11,64207.76,256.29,39373.29,73970.75,143278.93,25528.7,3611.06,1298.92
2006-12-31,368740.72,14927.36,1174.26,14114.35,76011.93,259.46,36795.44,69892.12,122944.04,23260.49,3386.56,5974.71
2007-01-31,353298.22,11262.75,616.07,12921.8,56309.69,228.06,38670.62,67415.58,134487.06,24226.42,2380.29,4779.89
2007-02-28,370689.41,11704.86,878.42,13149.94,70973.22,299.33,41265.14,71831.63,129086.92,26623.67,3400.06,1476.21
2007-03-31,394385.02,15015.72,995.2,14642.45,63176.02,359.3,47892,78219.04,138732.13,25352.76,4545.05,5455.35
2007-04-30,376928.41,12331.74,581.13,11445.1,67971.39,353.02,42692.73,67389.63,140086.74,27137.76,4316.77,2622.41
2007-05-31,427780.55,13765.16,903.79,13375.04,82403.59,360.5,48074.75,83642.54,146961.7,26151.58,2752.23,9389.67
2007-06-30,415569.29,13694.39,760.56,12859.64,72441.43,388.61,45899.03,78911.03,150703.83,26462.93,5653.49,7794.35
2007-07-31,402815.07,12319.97,775.48,12494.84,73626.68,333.55,42768.51,78152.55,141609.4,27118.37,3310.29,10305.44
2007-08-31,442672.83,15023.94,839.12,15609.5,92323.9,364.37,50151.65,81464.75,149823.48,28999.24,4219.01,3853.87
2007-09-30,390635.54,14325.16,829.99,13734.73,67145.63,368.83,41546.15,70917.91,147869.91,28265.66,4409.71,1221.86
2007-10-31,447116.04,15801.99,933.19,13907.82,85389.13,366.09,47031.68,79450.33,166738.38,31235.01,3933.37,2329.05
2007-11-30,439285.21,18616.59,1258.43,12604.9,89033.61,294.4,47559.33,78460.52,156348.96,31934.58,26.11,3147.78
2007-12-31,409010.82,16644.42,1157.62,13675.79,78706.73,231.44,41993.83,71353.85,152277.88,28330.95,7.22,4631.1
2008-01-31,493804.75,18139.68,1322.25,17656.83,91585.17,510.09,52011.58,87002.15,188760.23,32200.82,55.49,4560.46
2008-02-29,454565.08,15654.8,879.26,14812.91,109505.41,1361.22,54160.43,81963.83,141971.72,29994.99,10.96,4249.55
2008-03-31,475990.03,18635.36,1387.06,16063.8,94818.36,395.22,52885.56,86402.12,155483.66,31671.63,27.77,18219.49
2008-04-30,484751.87,16648.57,1248.24,17054.78,114809.51,379.29,54995.96,84735.89,147287.72,30734.91,1.44,16855.57
2008-05-31,447454.37,17228.92,788.83,20457.67,78032.34,459.74,55417.08,90808.24,141185.78,29082.16,0.06,13993.53
2008-06-30,518669.19,17194.78,875.5,21307.18,111924.16,561.78,61519.42,101423.64,161230.98,35047.59,0.38,7583.77
2008-07-31,604866.01,19921.75,1079.9,24190,140626.94,756.44,76911.75,122272.7,175501.99,37015.6,0.81,6588.13
2008-08-31,558418.97,20001.33,912.48,21549.79,132374.67,635.69,57926.61,104944.24,154740.39,32355.11,0.64,32978.03
2008-09-30,536449.25,20687.42,920.49,20749.73,93976.59,517.9,65666.92,106424.53,160083.34,35966.46,0.95,31454.92
2008-10-31,540757.61,26168.68,940.53,17977.59,106587.89,550.55,53240.63,105053.09,167802.08,34375.4,0.5,28060.67
2008-11-30,450478.56,19002.99,892.45,15796.99,79360.01,470.33,37981.88,78011.84,151769.36,29700.41,0.3,37491.99
2008-12-31,396276.8,19226.4,1160.39,12303.24,84814.2,321.8,34257.94,75148.58,141222.54,27036.84,15.88,768.97
2009-01-31,316238.18,14388.79,732.29,8553.19,43777.81,268.84,30318.95,58237.91,130542.11,24516.75,17.7,4883.84
2009-02-28,285961.28,15199.57,681.99,7366.39,50823.91,219.56,27935.58,46365.58,113142.63,23614.18,37.49,574.4
2009-03-31,334678.01,15797.64,1063.53,9395.9,61442.78,297.23,38477.88,56945.44,116983.98,27864.96,31.08,6377.61
2009-04-30,349464.5,16272.22,796.77,10934.48,60910.03,314.64,40259.96,55021.15,121183.3,26797.86,32.7,16941.39
2009-05-31,330098.05,15683.17,721.09,12236.05,62281.52,349.11,38055.3,52293.44,122903.18,23486.42,49.75,2039
2009-06-30,394124.21,16492.44,863.72,11495.65,80758.95,381.05,43158.53,54823.86,138462.16,27048.6,30.32,20608.92
2009-07-31,416051.13,18361.69,776.47,12198.31,78766.66,544.19,48120.65,62552.47,147995.21,27441.29,29.84,19264.33
2009-08-31,382636.88,16324.83,877.92,13502.69,66246.45,392.67,44119.87,61789.53,145980.52,26880.49,85.31,6436.6
2009-09-30,441644.19,20590.24,921.71,14106.04,96183.81,457.35,46662.63,72793.89,154895.65,30664.07,85.78,4283.01
2009-10-31,441210.89,19454.46,1055.02,13539.81,85244.18,370.42,45604.02,80137,161535.92,29393.29,84.45,4792.31
2009-11-30,428927.95,17546.9,1147.6,12691.29,77863.64,380.06,45284.65,78518.96,157742.15,30722.59,134.32,6895.8
2009-12-31,480946.51,17445.21,978.98,14586.04,92843.2,278.68,45268.73,82678.68,159623.95,30628.39,54.95,36559.7
2010-01-31,441271.2,18033.11,798.35,12612.77,67330.85,373.26,46456.71,74750.79,154974.96,31359.72,0.47,34580.21
2010-02-28,462600.19,16799.38,829.87,11380.64,69494.21,495.2,52685.26,84024.11,150746.95,31291.22,71.99,44781.36
2010-03-31,515916.07,18169.12,1246.32,15856.09,85481.2,575.94,62171.5,91094.01,175482.33,32237.69,94.66,33507.2
2010-04-30,472245.39,16207.74,1038.5,16634.16,97040.94,354.35,54135.9,79141.11,167133.59,30705.88,17.04,9836.19
2010-05-31,464153.35,17848.52,884.64,13312.79,92532.41,538.27,51515.49,83819.39,169007.83,31748.41,34.54,2911.06
2010-06-30,510526.45,19740.25,896.8,16771.32,92193.71,459.53,58420.28,100036.66,182307.75,35530.19,53.9,4116.06
2010-07-31,536355.14,19719.13,899.4,16937.79,79108.62,405.8,55853.4,91510.13,183154.46,33262.19,94.75,55409.49
2010-08-31,512519.81,19408.35,854.98,15742.22,89332.72,518.35,52037.56,91089.88,185363.81,37600.58,0.33,20571.03
2010-09-30,475324.83,18972.9,1020.85,16432.85,71447.39,360.23,52627.44,94915.52,178018.8,35446.92,3.92,6078.01
2010-10-31,462422.4,20332.65,914.8,14538.5,74991.79,386.42,46481.76,90704.29,169249.03,33384.92,31.89,11406.35
2010-11-30,519254,19302.46,1234.55,15661.92,112261.34,774.98,52472.39,92656.27,172810.14,35078.05,0.9,17000.99
2010-12-31,484002.44,22336.55,1138.51,14788.11,96009.42,826.06,55222.17,86586.91,161178.8,31799.54,31.3,14085.06
2011-01-31,533532.1,21844.94,915.49,18206.6,71372.56,1962.16,53833.83,89972.98,186594.25,34530.93,73.3,54225.05
2011-02-28,525615.39,20108.35,878.81,17161.58,105979.36,891.18,55670.17,87295.77,177781.57,32611.5,0.15,27236.94
2011-03-31,599220.43,21767.9,1401.71,20294.12,101049.82,1982.22,66285.84,104093.87,224434.66,37721.37,1.33,20187.59
2011-04-30,558036.2,19483,1273.68,19513.25,127478.07,706.6,65179.46,98656.64,185223.49,35793.13,36.42,4692.47
2011-05-31,579051.13,23239.69,857.55,23425.61,125333.35,789.19,67248.17,98403.46,171549.89,36118.18,25.78,32060.26
2011-06-30,602889.35,20900.82,935.25,22146.61,103662.22,672.24,69907.28,105982.27,209626.5,38219.4,22.62,30814.15
2011-07-31,574342.3,23350.13,934.27,16835.65,120041.36,875.32,62043.45,100381.23,187092.24,39172.56,1.08,23615.02
2011-08-31,684925.68,22487.88,1125.6,17912.88,147092.57,659.37,68568.32,110947.69,227914.56,41723.94,2.34,46490.54
2011-09-30,638400.36,22693.62,996.49,17169.33,103575.1,786.65,61451.54,110151.71,185548.63,42163.24,35.12,93828.93
2011-10-31,554132.88,22570.8,1099.68,18682.66,92188.66,652.22,52409.66,99620.18,173891.47,32476.94,14.77,60525.83
2011-11-30,522511.74,23643.45,1550.08,17476.36,108693.37,554.02,50205.47,95033.62,161341.11,29289.2,0.23,34724.83
2011-12-31,610061.58,26842.23,1763.7,17216.53,128121.41,758.92,51260.89,95806.15,179511.67,34894.76,22.46,73862.87
2012-01-31,530078.11,26377.95,924.66,19475.14,77977.56,835.03,48910.66,98716.59,186909.4,33374.38,0.13,36576.61
2012-02-29,587316.36,27250.85,1132.6,15563.84,118210.27,871.77,61428.56,99941.35,208900.51,40218.46,14.44,13783.71
2012-03-31,770677.95,27725.41,1372.22,19433.12,170739.8,836,64256.48,109727.28,253401.31,46261.66,6.61,76918.06
2012-04-30,619982.78,22094.72,1369.99,18569.09,122033.33,833.26,60974.92,103070.87,221630.83,38685.22,0,30720.54
2012-05-31,711352.35,31864.59,1398.03,19836.14,137874.96,1015.76,73892.57,112047.5,240325.03,42353.2,0.96,50743.62
2012-06-30,643801.93,24505.74,991.51,19468.9,142012.44,922.91,67094.45,104770.66,226723.44,39803.42,0.98,17507.46
2012-07-31,668085.18,29019.9,1162.05,20504.66,123348.08,931.36,68773.63,115185.21,243051.53,43289.61,0.88,22818.27
2012-08-31,668413.84,29640.78,1216.52,19271.91,128221.02,1794.24,69433.67,118181.64,243636.07,41541.48,92.46,15384.05
2012-09-30,627499.99,23560.77,1154.38,17437.32,132026.44,569.9,58659.4,106990.98,232931.86,39546.42,49.78,14572.74
2012-10-31,692860.2,28076.75,1824.09,18543.77,126387.09,670.72,63108.41,119391.43,258977.62,42525.8,97.23,33257.29
2012-11-30,624922.17,28777.04,1429.31,20484.42,100382.06,605.92,58441.89,112114.76,247964.92,40176.2,47.51,14498.14
2012-12-31,641132.19,25447.23,1321.72,15537.88,116886.12,614.9,54877.95,97281.42,234128.64,36403.57,135.9,58496.86
2013-01-31,743806.1,39604.21,1529.9,16806.68,137253.36,688.01,59488.92,116349.21,248604.89,40007.47,137.45,83336
2013-02-28,595391.11,23078.51,1309.84,12416.89,104514.95,551.05,51688.73,101603.49,200046.79,35075.41,0.08,65105.38
2013-03-31,646195.72,23371.18,1448.24,13353.88,134943.52,514.89,60780.3,109279.66,220613.16,37894.82,46.22,43949.84
2013-04-30,644543.2,24660.49,1511.21,17199.95,135884.01,723.41,63018.11,105613.6,222903.31,35948.66,1.34,37079.12
2013-05-31,644339.53,30886.74,1156.94,15714.72,138246.6,507.22,60849.02,107757.93,217090.41,37447.7,46.97,34635.29
2013-06-30,628039.74,28279.72,1137.71,15357.39,157098.98,706.68,59433.49,93807.65,212977.34,36697.27,6.08,22537.44
2013-07-31,638887.82,26616.15,1369.02,17731.83,105756.6,693.76,67860.17,99311.96,235584.98,40221.18,0.24,43741.95
2013-08-31,645478.93,25350.23,1422.64,16263.36,147051.64,541.16,64338.96,103601.23,224004.47,40904.28,81.64,21919.32
2013-09-30,602381.93,26494.55,1081.38,14761.98,129671.47,471.43,61163.95,96272.12,210376.12,39126.08,1.21,22961.65
2013-10-31,666150.73,31844.58,1776.47,15011.08,154597.05,524.94,60088.29,100755.56,226947.53,42816.6,25.53,31763.1
2013-11-30,603522.44,25885.44,1546.32,15449.37,118235.42,796.52,60225.21,92828.72,223981.14,40121.74,15.28,24437.29
2013-12-31,598895.85,26472.85,1502.92,15659.3,146404.63,795.86,54845.03,89748.65,199000.35,36824.47,75.03,27566.76
2014-01-31,667007.72,31990.62,1561.66,16694.74,167196.8,867.67,62955.6,109270.38,220743.26,42162.9,114.45,13449.63
2014-02-28,547640.66,25429.12,1134.95,13187.17,115790.66,833.42,58994.12,89899.2,198661.44,36069.18,7.37,7634.03
2014-03-31,602889.8,28317.7,1558.77,15499.03,132436.52,923.72,65986.23,96620.78,208182.18,37953.55,143.35,15267.95
2014-04-30,606588.34,26602.79,1679.7,16511.26,135078.91,873.63,66251.8,101707.12,204325.85,38219.17,56.46,15281.65
2014-05-31,648083.29,29766.95,1454.72,19655.82,160057.88,726.47,65923.48,105871.11,206283.73,38157.88,126.88,20058.36
2014-06-30,588976.98,23948.17,1330.68,15840.96,120098.09,782.68,63095.57,96639.62,215190.03,37176.61,12.84,14861.72
2014-07-31,651677.23,29506.34,1255.4,18244.91,124333.63,721.71,67473.71,104341.67,247911.8,41537.42,27.54,16323.1
2014-08-31,570992.83,24283.52,1201.74,15809.79,133794.71,528.77,60768.87,94692.93,186065.32,37896.42,15.8,15934.96
2014-09-30,695869.92,32511.22,1616.1,20158.62,139162.09,1097.89,67992.61,114669.05,234597.82,45248.24,36.34,38779.95
2014-10-31,651946.56,33108.21,1772.21,18072.88,135836.96,854.21,67488.23,110414.72,228110.83,43766.78,44.36,12477.16
2014-11-30,605434.54,29245.66,1563.34,15341.41,103626.08,665.68,58001.5,98820.64,218336.28,41854.96,16.08,37962.89
2014-12-31,566796.92,26644.71,2098.24,16086.13,95236.39,907.57,60098.93,100918.01,215173.39,43174.86,83.84,6374.86
2015-01-31,583266.7,33615.4,1219.12,14939.25,89854.62,1041.15,63597.55,101079.64,225297.21,42153.72,53.58,10415.47
2015-02-28,552065,27843.16,1386.95,14082.13,73313.9,1524.02,56744.24,98878.74,212040.59,44185.07,28.78,22037.42
2015-03-31,568389.92,29915.41,1583.19,15800.25,88857.44,932.96,64296.74,94988.32,192413.64,39090.63,37.36,40473.98
2015-04-30,572283.53,32695.98,1385.31,16854.99,101009.81,617.9,64146.99,92964.33,213222.36,38560.51,32.09,10793.26
2015-05-31,520570.49,28745.19,1657.41,15339.41,81354.05,613.89,62054.61,90498.68,192853.25,38827.28,0.63,8626.1
2015-06-30,605189.82,29049.02,1482.75,16133.98,114998.11,603.02,66740.89,98550.69,225026.73,42196.83,49.75,10358.05
2015-07-31,590210.68,27114.51,1716.85,18429.44,91011.52,619.91,64001.93,105073.27,208742.28,42508.81,0.34,30991.82
2015-08-31,586459.49,30281.09,1417.82,16427.17,81777.4,613.88,62589.52,104743.93,229681.62,43491.02,14.61,15421.42
2015-09-30,573178.29,29135.93,1490.81,16785.07,86999.16,503.31,63641.78,107034.06,211819.75,48069.02,46.81,7652.59
2015-10-31,593171.23,31409.34,1617.47,14875.39,72649.74,614.81,56920.05,102957.32,257386.67,47892.74,21.11,6826.6
2015-11-30,598483.51,29583.63,1430.54,13391.29,69920.46,627.8,59288.47,96376.87,231920.73,47568.87,56.03,48318.82
2015-12-31,562809.74,33349.99,1681.73,15821.08,77400.68,720.66,55923.18,87781.87,209070.18,45747.91,25.86,35286.59
2016-01-31,561870.74,34322.09,1541.46,16111.86,58545.03,623.66,58411.41,91938.17,241725.19,44989.41,48.12,13614.35
2016-02-29,510320.27,29495.5,1522.05,13153.26,54660.64,660.79,57642.55,89947.04,211513.51,44317.85,8.85,7398.21
2016-03-31,578497.25,34327.58,1677.81,17486.45,61501.9,823.91,67612.71,101556.65,228176.7,47235.64,16.27,18081.62
2016-04-30,521215.39,32667.56,1553.23,14612.84,61976.92,877.63,59893.57,95168.94,204387.21,43047.95,30.76,6998.77
2016-05-31,564311.66,31511.78,1763.99,16293.37,82266.28,896.84,62948.49,101699.86,206251.19,42726.76,22.64,17930.47
2016-06-30,578428.02,30746.39,1602.23,16871.28,76464.8,803.36,70603.55,107640.81,214288.73,47553.44,10.67,11842.75
2016-07-31,568955.04,29399.11,1597.81,16173.08,74009.6,729.62,65577.26,103438.92,220852.32,44991.13,5.99,12180.21
2016-08-31,585713.25,31358.03,1620.9,17917.11,59582.52,733.14,73830.68,107528.34,232226.4,48436.87,21.27,12458
2016-09-30,585303.62,33650.31,1372.14,15976.02,83114.29,702.76,61352.05,102325.74,224460.8,47524.25,1.49,14823.77
2016-10-31,612072.64,33296.62,1545.06,15663.9,76105.66,1033.82,58478.59,101961.88,244442.91,48113.01,116.33,31314.86
2016-11-30,608756.12,33657.76,1770.02,14777.36,76719.76,796.47,62902.37,106082.09,235564.47,49801.75,0.87,26683.19
2016-12-31,612742.71,33354.3,1796.04,17889.4,85936.5,1282.52,60378.2,102569.75,224031.97,45187.71,1.87,40314.44
2017-01-31,586015.29,34884.96,1005,15897.66,72304.26,702.24,61784.44,99378.14,212633.19,44016.27,1.44,43407.7
2017-02-28,594546.93,29209.45,1446.37,19036.27,76792.44,882.99,64368.75,123286.44,220293.39,42169,6.05,17055.79
2017-03-31,671744.98,37234.04,1845.74,18982.94,98765.99,988.38,76869.24,119744.77,241974.04,48291.82,3.67,27044.34
2017-04-30,582426.25,30825.5,1549.11,18007.75,78451.68,615.39,64833.03,102659.24,230030.6,41334.13,12.99,14106.83
2017-05-31,650590.81,36813.66,1701.1,21262.62,93508.07,970.57,76785.28,116474.82,234376.32,46648.87,15.31,22034.2
2017-06-30,630863.55,33397.78,1478.23,20746.43,74756.51,890.06,74238.74,116115.26,227588.55,49349.1,19.05,32283.84
2017-07-31,646798.35,29718.2,1697.14,20205.64,82281.86,863.91,69930.83,107959.27,237291.82,46377.31,25.97,50446.39
2017-08-31,642226.27,33344.09,1579.26,20370.31,87589.78,683.16,73529.36,116531.78,233980.49,51677.24,10.86,22929.94
2017-09-30,614963,32165.2,1347.38,16947.21,77997.87,533,65056.77,110335.74,240206.07,48917.58,32.91,21423.29
2017-10-31,658785.21,33560.31,1487.71,17763.76,104357.27,950.92,66287.85,107859.56,248142.56,52624.12,10.33,25740.83
2017-11-30,650968.13,36730.3,1833.78,17439.56,85028.67,818.32,67844.17,109275.33,246646.98,50121.4,33.21,35196.42
2017-12-31,657189.65,31780.22,1997.8,16342.23,99644,539.82,64614.66,105766.47,219565.8,50926.89,1.27,66010.49
2018-01-31,664002.44,36296.91,1812.65,18041.74,98850.17,673.15,73042.5,117706.93,245070.76,51765.24,282.68,20459.71
2018-02-28,623891.59,31688.74,1454.46,16372.34,85506.59,473.16,67311.42,111606.39,230470.93,51891.56,121.05,26994.94
2018-03-31,664671.52,34603.29,2186.96,19232.52,103828.04,653.57,73257.78,112615.7,222098.51,47956.38,154.67,48084.09
2018-04-30,632818.53,33381.72,2172.29,18567.7,117128.59,663.12,72882.11,110552.32,214545.09,47281.79,281.42,15362.38
2018-05-31,659339.42,36400.66,1998.9,20611.93,103104.2,740.55,75448.76,115074.5,233697.57,48639.35,71.29,23551.71
2018-06-30,649119.12,31474.6,1503.3,17373.56,107686.01,615.3,76957.35,119467.28,225956.12,50039.59,274.69,17771.32
2018-07-31,681465.06,28012.75,1677.96,18289.02,124777.57,799.8,73078.62,113611.97,229062.33,52891.85,103.02,39160.16
2018-08-31,780889.88,36394.23,1894.34,22614.86,116628.99,696.65,81535.84,132937.74,250145.34,55136.31,153.15,82752.42
2018-09-30,664092.43,32383.32,1736.56,20751.68,112795.23,480.25,67660.86,114813.36,227436,52692.99,76.8,33265.39
2018-10-31,716493.74,36581.3,1742.91,17851.16,119931.84,654.38,75720.23,123322.77,256800.95,55274.85,204.03,28409.31
2018-11-30,727619.52,35686.46,1800.77,18424.45,139470.22,594.12,75598.53,118546.46,257208.44,57639.77,76.35,22573.97
2018-12-31,599635.65,33880.75,1862.18,15478.66,105572.91,389.18,64048.51,104570.55,213695.05,48223.92,110.44,11803.51
2019-01-31,755505.54,43866.34,1954.23,20663.11,101332.6,638.49,75662.47,123216.94,244122.92,124230.76,279.81,19537.85
2019-02-28,558041.34,29876.59,1519.33,14769.26,98909.25,574.93,62696.9,102172.02,190373.15,45276.87,2.74,11870.28
2019-03-31,608759.99,29747.26,1939.04,16716.14,102938.78,566.9,69339.12,106341.23,217705.11,47459.33,109.58,15897.52
2019-04-30,633820,35152.41,2107.25,19213.57,99944.45,618.88,70325.25,109838.53,223357.51,48923.39,66.89,24271.88
2019-05-31,662742.04,37563.33,1858.21,19757.83,123734.54,574.69,73027.35,117377.32,220554.44,51429.49,932.67,15932.17
2019-06-30,580052.65,32598.68,1926.33,15499.13,83017.1,614.97,66268.18,110743.91,200042.67,48248.12,148.78,20944.79
2019-07-31,658395.84,32259.13,2082.65,17863.38,102099.82,589.2,71217.58,117932.51,239679.19,55810.09,24.88,18837.41
2019-08-31,612905.54,32170.74,1637.17,15586.49,103238.38,579.01,66226.71,105993.38,212237.09,55208.92,99.38,19928.27
2019-09-30,593058.85,30945.8,1905.28,15817.27,82375.36,513.46,63453.84,106818.22,216525.64,50545.74,13.51,24144.73
2019-10-31,620986.04,32977.92,1730.92,14949.79,79622.53,522.15,62762.87,105406.96,246826.07,51430.8,35.28,24720.75
2019-11-30,580844.59,32882.17,1942.44,13886.94,66249.33,474.85,61030.01,100273.57,223688.98,52792.45,35.33,27588.5
2019-12-31,560536.55,35571.5,2151.31,13356.32,93930.51,474.8,56881.29,88784.03,203614.85,52330.98,52.39,13388.57
2020-01-31,638351.94,37717.12,2071.72,17077.01,106316.52,524.25,69488.2,104846.3,234754.88,55863.72,55.95,9636.26
2020-02-29,506926.84,32381.53,1516.51,13013.95,78055.93,691.63,53913.28,85371.09,168051.58,63024.96,35.26,10871.12
2020-03-31,646156.76,37242.01,1576.55,17452.21,104780.23,773.8,70714.83,102342.84,210606.86,67411.9,12.1,33243.45
2020-04-30,537451.05,35561.24,1315.13,15454.82,71481.47,811.6,72210.09,97000.66,202289.68,39135.8,0.67,2189.88
2020-05-31,444406.11,32991.63,1123.78,17536.01,38145.69,616.12,62644.84,78230.38,171909.07,38228.16,74.97,2905.46
2020-06-30,474881.97,32466.67,1426.72,15015.65,56107.97,790.17,59247.6,77117.07,180350.93,42669.84,1.73,9687.63
2020-07-31,480766.74,32416.71,1520.62,14451.2,60795.03,630.87,54918.34,82656.57,186170.84,44174.53,4.1,3027.93
2020-08-31,499495.59,33391.52,1220.54,14447.48,64163.35,498.28,55808.15,81152.59,195406.3,45721.96,1.6,7683.84
2020-09-30,542310.21,35619.86,1429.73,16136.92,74910.98,527.06,59723.96,83784.01,200665.37,55195.1,1.98,14315.24
2020-10-31,538976.55,35173.35,1292.46,16628.29,63037.28,530.47,60119.38,92856.2,213356.42,48090.05,1.88,7890.77
2020-11-30,589346.3,35396.92,1501.33,14807.2,58547.35,845.57,62066.2,95540.4,219681,54764.1,13.37,46182.85
2020-12-31,577197.35,37458.3,1915.49,18482.26,72984.81,489.18,64657.79,99103.71,219718.95,52051.28,0.64,10334.94
2021-01-31,596690.15,32654.35,1652.33,17116.58,69635.82,725.37,65745.73,98960.07,225227.44,49088.07,11.57,35872.83
2021-02-28,603434.69,38748.9,1261.51,17345.71,78348.82,550.3,70257.82,109442.09,203547.51,44945.19,1.26,38985.56
2021-03-31,699492.46,40496.18,1641.47,20823.63,83070.53,811.42,80691.52,130258.66,239974.97,53490.54,2.11,48231.44
2021-04-30,650359.65,37442.07,1811.98,26718.48,89972.08,630.15,80968.29,121290.72,232911.35,50841.62,1.41,7771.5
2021-05-31,693477.13,46035.06,2129.47,28504.89,105011.95,676.72,90226.69,129427.48,230848.15,54223.73,2.31,6390.69
2021-06-30,712522.63,37919.66,1600.58,29334.05,91392.17,681.89,93710.35,138928.22,241867.75,54321.3,2.48,22764.18
2021-07-31,698810.06,35173.07,1445.44,27393.55,101080.5,604.66,92866.91,134252.23,245772.85,52821.19,0.9,7398.75
2021-08-31,757869.9,40411.42,1188.43,30920.07,113730.88,767.41,101748.85,141196.11,259801.56,55923.77,70.67,12110.74
2021-09-30,745762.51,41804.75,1266.72,26193.72,109978.21,680.99,92518.53,134096.32,258842.26,56025.63,101.1,24254.26
2021-10-31,763606.3,33914.39,1297.76,25224.98,128449.92,565.28,86081.95,135991.08,285271.9,53330.33,14.05,13464.67
2021-11-30,752031.37,40145.78,1460.81,24654.97,99760.81,559.92,96839.02,136316.23,281269.11,58693.01,64.06,12267.64
2021-12-31,853087.04,41951.9,1621.12,27151.41,187272.62,642.18,97143.29,141396.63,259016.89,58704.09,68.81,38118.11
2022-01-31,781589.83,42789.51,1633.17,23952.15,95931.55,806.64,96144.53,151985.65,291100.78,59356.93,82.56,17806.35
2022-02-28,772306.27,43489.81,1784.82,20659.67,152053.38,711.16,88339,130347.02,243357.38,55106.24,30.18,36427.59
2022-03-31,868325.87,46592.96,2074.99,26437.18,193548.89,1096.19,107879.34,146380.4,279413.03,56765.88,16.13,8120.88
2022-04-30,841976.03,41245.12,1827.61,24043.15,180106.51,983.09,105381.31,142435.56,276484.97,55226.14,60.17,14182.4
2022-05-31,917405.15,53016.09,1975.08,30185.76,178522.31,1084.43,113860.59,158550.4,272040.68,62820.19,14.13,45335.5
2022-06-30,954795.51,50506.82,1898.56,29020.52,208421.92,936.2,109673.39,174816.7,294906.3,62707.66,1.16,21906.3
2022-07-31,962779.36,46716.41,1864.96,32861.86,196627.81,1031.42,109768.81,159208.03,286044.67,62224.63,2.67,66428.09
2022-08-31,1010793.27,51004.9,2314.83,32718.93,211022.44,1248.74,113527.81,164103.66,319113.32,70335.99,32.62,45370.04
2022-09-30,919426.42,45752.42,2672.77,27080.32,203569.1,970.63,94175.15,132907.86,295537.14,63299.22,24.68,53437.12
2022-10-31,824631.63,46484.93,2243.01,25669.13,145682.81,776.27,89654.77,132651.16,296966.89,58397.31,34.06,26071.29
2022-11-30,901520.35,46332.64,2421.15,27865.97,166052.72,823.1,98128.1,147495.78,313663.22,66740.39,20.3,31976.97
2022-12-31,814092.21,47412.89,2426.63,20210.8,169198.75,793.54,87940.48,121309.79,276757.76,57579.66,33.58,30428.33
2023-01-31,866737.1,49082.57,2152.96,25641.66,176683.25,811.72,92994.41,134589.66,306072.81,65269.04,58.79,13380.24
2023-02-28,766531.6,43979.71,1786.84,21909.78,165044.34,770.44,78141.57,118532.96,252596.83,64256.74,12.81,19499.58
2023-03-31,852936.47,60059.93,2670.46,24708.19,122381.95,921.9,100711.88,151060.37,308787.66,66153.9,31.07,15449.16
2023-04-30,790140.84,46330.44,2263.11,25003.55,161070.88,701.13,84472.99,123248.73,279597.82,54448.21,1.36,13002.63
2023-05-31,896869.56,55795.36,1935.45,31052.06,152581.51,973.2,93802.98,140764.5,329861.27,61100.17,1.66,29001.39
2023-06-30,847869.24,49771.33,2338.6,29723.15,162082.24,705.95,91339.45,131291.96,293308.34,59263.33,49.84,27995.05
2023-07-31,837052.67,49036.51,1943.97,26123.58,138785.77,555.49,79084.24,125975.45,333223.7,57976.23,45.63,24302.12
2023-08-31,818144,48265.31,1957.9,18531.98,122983.02,801.88,88435.66,131941,297809.91,66575.63,32.71,40808.99
2023-09-30,821920.54,48984.77,1407.4,25663.07,165494.81,566.67,80038.19,126610.66,308353.65,59235.61,34.17,5531.53
2023-10-31,872649.58,46553.54,2153.36,21638.41,138646.05,616.88,85592.81,129601.24,353680,62722.46,29.5,31415.33
2023-11-30,934992.19,44643.54,1768.99,21895.5,169046.98,642.66,87850.59,133385.77,370838.93,68260.35,49.97,36608.9
2023-12-31,761899.49,41879.98,2009.9,19643.24,152656.51,665.35,73722.26,115734.19,277016.71,58750.32,17.48,19803.56
2024-01-31,890687.35,49071.32,2024.35,27259.71,149611.11,753.64,87467.49,133207.47,332450.67,65125.31,0.75,43715.53
2024-02-29,856508.11,47818.93,1677.32,22991.9,138105.77,680.13,86289.14,133805.32,335640.57,65486.12,32.94,23979.97
2024-03-31,944827.89,51774.66,1869.56,25076.59,178172.22,847.52,94561.9,132738.98,365683.76,63034.62,0.78,31067.31
2024-04-30,903193.99,46813.96,1778.46,27899.47,139528.57,809.4,95253.6,135597.57,336726.26,62058.73,31,56696.96
2024-05-31,947006.51,50260.01,1630.17,29673.29,167043.33,913.86,96796.43,139998.38,357003.39,67852.11,15.99,35819.56
2024-06-30,895256.1,46566.41,1877.38,30999.46,164078.99,821.15,90023.29,136632.07,311801.01,64170.99,87.39,48197.95
2024-07-31,999754.54,54019.87,2135.59,28990.13,180111.81,1101.56,105282.35,153345.71,373656.07,73807.65,83.86,27219.94
2024-08-31,941018.53,57591.5,1866.04,26125.79,147304.78,827.18,96001.93,152063.39,317222.06,72965.98,69.04,68980.84
